Teks;Label
Video Guru di Grobogan Lakukan Pelecehan Seksual Terhadap Murid;SALAH
Video â€œMakanan Mengandung Babi, Gerai Mie Gacoan Disegelâ€;SALAH
Aksi Mahasiswa #IndonesiaGelap Dibiayai USAID;SALAH
Siswa SD di Papua Meninggal, Keracunan Usai Makan Bergizi Gratis;SALAH
Sertifikat Elektronik Itu Rencana Mafia Tanah Hapus Sertifikat SHM;SALAH
Infografis Struktur Organisasi Danantara, Ada Jokowi dan Kaesang;SALAH
Rekrutmen Calon Asesor PPG dan Jabatan Akademik Dosen LLDikti;PENIPUAN
Video Banjir dan Longsor di Dieng;SALAH
Sertifikat Kepemilikan Laut Atas Nama Anies Baswedan dan Said Didu;SALAH
Sidang Senat AS Yang Dihadiri Donald Trump Dibuka Dengan Lantunan Ayat Al Quran;SALAH
Fenomena Hujan Jeli di Gorontalo;SALAH
Penjemputan Yudis Anak Yatim Piatu yang Diarak Warga Akibat Mencuri Pisang;SALAH
Mobil Terbakar Jalan Sendiri Dikemudikan Arwah;SALAH
Tautan â€œBansos dari CEO Telegramâ€;PENIPUAN
Prabowo Minta Maaf soal Kelangkaan Gas LPG 3 Kg;SALAH
Mahasiswa Bagi-Bagi Uang ke Demonstran #IndonesiaGelap;SALAH
Tautan Lowongan Kerja LPPOM MUI;PENIPUAN
Tautan Rekrutmen PT Paragon Technology and Innovation;PENIPUAN
Iran Memindahkan Rudal Supersonik untuk Persiapan Menyerang Israel;SALAH
Demo Indonesia Gelap Tidak Ada Stasiun Televisi yang Meliput;SALAH
Tautan Daftar â€œGebyar Undian Tabungan Simpeda Bank BPD DIYâ€;PENIPUAN
Tautan â€œLayanan Gratis Pembuatan/Perpanjangan SIM hingga STNKâ€;PENIPUAN
Tautan Pendaftaran Beasiswa Unggulan Bank Indonesia;PENIPUAN
Tautan Pendaftaran â€œBantuan Bor Sumur dari Kementerian ESDMâ€;PENIPUAN
Tautan â€œPendaftaran Mitra Makan Bergizi Gratisâ€;PENIPUAN
Tautan Pendaftaran Lowongan Pekerjaan Wilmar Group;PENIPUAN
Akun Instagram Akurat.co;PENIPUAN
Video Sandra Dewi Menangis Mendengar Putusan Suaminya;SALAH
Perdana Menteri Mesir Merobek Dokumen Perjanjian Damai dengan Israel;SALAH
Tautan Lowongan Kerja PT Sentosa Laju Sejahtera;PENIPUAN
Polri Meresmikan SIM dan STNK Berlaku Seumur Hidup;PENIPUAN
Aliansi Rakyat Solo Melakukan Aksi di Depan Rumah Jokowi Februari 2025;SALAH
Tautan Daftar â€œListrik Gratis untuk Masyarakat Tidak Mampuâ€;PENIPUAN
Tutup Segel Aqua Rusak karena Disuntik Formalin;SALAH
Performa Buruk Patrick Kluivert Memimpin Timnas, Kantor PSSI Didemo;SALAH
Erick Thohir Tunjuk Shin Tae-yong Gantikan Indra Sjafri Latih U-20;SALAH
Prabowo Sahkan Hukuman Mati untuk Kepala Daerah Koruptor;SALAH
China Ganti Nama Jalan di Indonesia;SALAH
Tautan â€œPendaftaran Medical Check Up Gratis dari Pemerintahâ€;PENIPUAN
Rekrutmen Calon Anggota Bawaslu via WhatsApp;PENIPUAN
Ikan Anglerfish Pertama Kali Muncul di Permukaan;SALAH
Potret â€œAnies Diseret KPK karena Skandal Korupsi Rp23 Triliunâ€;SALAH
Video â€œJalan Retak Akibat Gempa Diengâ€;SALAH
Tautan Rekrutmen Awak Kabin Haji Garuda Indonesia;PENIPUAN
Tautan â€œPendaftaran Program Bantuan Ibu Bersalin (BIB)â€;PENIPUAN
Penghapusan Sila ke-4 Pancasila di HUT Gerindra;SALAH
Tautan â€œPendaftaran Lowongan Kerja Driver Gojekâ€;PENIPUAN
Video Demo di Malioboro pada Februari 2025;SALAH
Tautan Pendaftaran Penerima Gas LPG 3 Kg;PENIPUAN
Penampakan Arca Monster OCCRP yang Menelan Anggaran APBD Medan;SALAH
Tip Memutihkan Wajah Pakai Pasta Gigi;SALAH
Prabowo Potong Gaji DPR Sebesar 90 Persen;SALAH
Tautan Lowongan Kerja Siloam Hospital Group;PENIPUAN
Tautan â€œPendaftaran Sertifikat Tanah Elektronikâ€;PENIPUAN
Tanah Tanpa Sertifikat Elektronik Bakal Jadi Milik Negara;SALAH
Tautan Pendaftaran Bantuan Khusus Tunai Ibu Hamil;PENIPUAN
Dokumentasi â€œPolisi Turun Tangan, Larang Ormas Bentangkan Bendera Merah Putih di Jembatan PIKâ€;SALAH
Erick Thohir Naturalisasi Bintang Muda Real Madrid Arda GÃ¼ler;SALAH
Lagu Iwan Fals dengan Lirik â€œSi Bocil Tengil Menjadi Wakilâ€;SALAH
Dolar Anjlok ke Rp8.170;SATIRE
Saldo Kartu E-Toll Gratis dari Jasa Marga;PENIPUAN
Tembok Besar China Dibuat untuk Mengurung China;SALAH
Tautan â€œDaftar Ulang Kartu BPJS Pasca Penghapusan Kelasâ€;PENIPUAN
Prabowo Mengesahkan Hukuman Mati untuk Koruptor;SALAH
Foto â€œGas Elpiji Kemasan Sasetâ€;SATIRE
Tautan â€œPendaftaran Pembagian Kartu Sembako Bulan Ramadanâ€;PENIPUAN
Wakil Direktur CDC Akui Vaksin Covid Bikin Tubuh Lemah dan Mudah Sakit;SALAH
Rekrutmen Petugas Sensus Pertanian 2025;PENIPUAN
Kemenag Buka Pendaftaran Haji Gratis untuk Ratusan Orang;PENIPUAN
Tautan â€œPendaftaran Bantuan Usahaâ€ dari Kementerian UMKM;PENIPUAN
Erling Haaland Bakal Perkuat Timnas Indonesia;SALAH
Tautan Loker Proyek Strengthening Indonesiaâ€™s Healthcare Referral Network (SIHREN) Kemenkes;PENIPUAN
Tautan Pendaftaran Agen Pangkalan Gas LPG Pertamina;PENIPUAN
Video â€œTabung LPG Dimusnahkan karena Beralih ke DMEâ€;SALAH
Pemerintah Sembunyikan Data Utang;SALAH
Dana Haji 2022 Dipakai untuk Pembangunan IKN;SALAH
Tautan Bantuan untuk Pekerja Bergaji di Bawah Rp5 Juta;PENIPUAN
Lowongan Kerja Pertamina Training & Consulting;PENIPUAN
Prabowo Pecat Menteri KKP Sakti Wahyu Trenggono;SALAH
Donald Trump Bantu Padamkan Kebakaran di Los Angeles;SALAH
Warga Palestina Mengungsi Menuju Mesir & Yordania;SALAH
Los Angeles Dilanda Tsunami Usai Kebakaran Mereda;SALAH
Potret â€œJejak Digital Peresmian Pagar Lautâ€;SALAH
LPG Bright Gas 3 Kg Non Subsidi Bakal Gantikan Gas Melon;SALAH
Hotel Grand Hyatt Jakarta Dijual Rp12,5 Triliun;SALAH
Tautan Pendaftaran Fasilitator Program TEKAD 2025;PENIPUAN
Makan Durian Usai Minum Obat, Warga Muntah Darah dan Meninggal;SALAH
Titiek Soeharto Turun Tangan Buru Jokowi Terkait Polemik Pagar Laut;SALAH
â€œBambu mudah di cabut nelayan & rakyat korporasi tak kehabisan akal liciknyaâ€;SALAH
Vaksin Itu Agenda untuk Bikin Manusia Jadi Pasukan Dajjal;SALAH
Akun Facebook â€œSafaruddin Centreâ€ Milik Bupati Aceh Barat Daya;PENIPUAN
Video Buaya Masuk Rumah saat Banjir di Bekasi;SALAH
Sekolah Libur Selama 45 Hari saat Bulan Ramadan;SALAH
Tautan dan Nomor WA â€œPengaduan Penipuan Onlineâ€;PENIPUAN
Tautan Loker Pegawai Pemerintah Non Pegawai Negeri (PPNPN);PENIPUAN
Pernyataan Budie Arie Ancam Bongkar Rahasia Negara;SALAH
Prabowo Susun RUU untuk Penjarakan Pejabat Penghina Rakyat;SALAH
Dana Zakat Dikorupsi Kepala Baznas;SALAH
Tautan Pendaftaran â€œTHR dan Sembako Jelang Hari Rayaâ€;PENIPUAN
Demonstrasi Pengesahan UU TNI #BubarkanDPRRI;SALAH
Shin Tae-yong Kembali Pimpin Latihan Timnas Indonesia;SALAH
Tautan â€œUndian dari Bank Jatim untuk Pengguna Jconnect Mobileâ€;PENIPUAN
Tautan Lowongan Kerja PT Ajinomoto Indonesia;PENIPUAN
Pendaftaran Lowongan Kerja Indomaret Lewat WA;PENIPUAN
Tautan Lowongan Kerja McDonaldâ€™s Indonesia;PENIPUAN
Tautan â€œRekrutmen Kementerian Kesehatanâ€;PENIPUAN
Raffi Ahmad: Metode Air Garam Jadi Program Nasional Perangi Diabetes;PENIPUAN
Video â€œSindikat Pembiusan di Mal untuk Perdagangan Organâ€;SALAH
Maarten Paes Dicoret dari Timnas Indonesia;SALAH
Tautan Daftar â€œBansos PKH, BPNT, dan BLT Miskin Ekstremâ€;PENIPUAN
Video â€œGenangan Air di Jalan Rusak Dijadikan Lahan Sawahâ€;SALAH
Pembongkaran Patung Naga di Aceh;SALAH
Keluarga Jokowi Terlibat Kasus Korupsi Pertamina;BELUM TERBUKTI
Raffi Ahmad Bagi-Bagi Bantuan untuk Tenaga Kerja Indonesia;PENIPUAN
Ajakan untuk Tarik Uang sebelum Hal Buruk Terjadi;SALAH
Ketua DPR Puan Maharani Tolak RUU Perampasan Aset;SALAH
Akun WA Disdukcapil Minta Aktivasi IKD Lewat Telepon;PENIPUAN
Hotman Paris Promosi Laman Judi Miliknya;PENIPUAN
Ridwan Kamil Jadi Tersangka Skandal Korupsi Bank BJB;SALAH
Blood Moon Jadi Pertanda Gempa Bumi dan Tsunami Dahsyat;SALAH
Tautan Pendaftaran Gebyar Undian Bank Mandiri;PENIPUAN
Pagar Laut Diganti Jadi Pagar Beton;SALAH
Erick Thohir Bakal Ganti Patrick Kluivert Usai Timnas Kalah Lawan Australia;SALAH
Tautan Pendaftaran Program Bantuan Stimulan Perumahan Swadaya (BSPS);PENIPUAN
Gibran Sebut Pemerintah Tak Sengaja Pakai Dana Haji;SALAH
Video â€œBukti Aksi â€˜Indonesia Gelapâ€™ Digerakkan oleh PDIPâ€;SALAH
Garam Himalaya Bisa Meredakan Asam Lambung;SALAH
Pemkot Solo Luncurkan Program â€œTambal Ban Online Gratisâ€;SALAH
Prabowo Setop Pengangkatan PPPK;SALAH
Tautan Lowongan Pekerjaan BUMN Perum DAMRI;PENIPUAN
Ada Bansos PKH Ramadan, Disalurkan Lewat Telegram;PENIPUAN
Tautan Lowongan Kerja Bayan Resources;PENIPUAN
Antisipasi Serangan, TNI Jemput Pekerja Migran Indonesia dari Malaysia;SALAH
Zat Klorin hingga BPA dalam Pembalut Picu Gangguan Hormon dan Risiko Kanker;BELUM TERBUKTI
Video â€œIKN Kebanjiran dan Hampir Tenggelamâ€;SALAH
Anggota DPR Terima Amplop Sogokan saat Raker Bersama Pertamina;SALAH
Tautan Daftar â€œBBM Gratis, THR dari Pertamina dan Pemerintahâ€;PENIPUAN
Video â€Penangkapan Ridwan Kamil oleh KPKâ€;SALAH
Video â€œPenyitaan Uang Korupsi PLN Rp1,2 Triliunâ€;SALAH
Penganiayaan WNA China di Lampung;SALAH
Tautan Lowongan Kerja Amman Mineral Internasional;PENIPUAN
Respons Imun Artinya Keracunan, Antibodi Itu Antitoksin;SALAH
Tautan Pendaftaran Voucher Token Listrik Gratis PLN;PENIPUAN
Potret â€œJokowi Ditahan di Dalam Selâ€;SATIRE
Tautan â€œRekrutmen Asesor Sekolah dan Madrasahâ€;PENIPUAN
Video â€œOmbak Tsunami 11 Januari 2025â€;SALAH
Pendaftaran â€œHadiah Festival Ramadan Nasabah Bank BRIâ€;PENIPUAN
Tautan Pendaftaran â€œMudik Gratis dari Bank Mandiriâ€;PENIPUAN
Aturan Tilang Terbaru: Kendaraan Langsung Disita;SALAH
Video Petir Menyambar Sungai;SALAH
Video â€œJembatan di Puncak Bogor Jebol Akibat Banjirâ€;SALAH
Tautan Lowongan Kerja Dinas Perhubungan;PENIPUAN
Video â€œAnies Diusir karena Pakai Masjid Jadi Tempat Berpolitikâ€;SALAH
Pekerja China di Morowali Habis Dibakar Massa pada 3 Maret 2025;SALAH
Video Pekerja Indonesia Perang Lawan TKA China;SALAH
Video Pria Dipenjara karena Menabrak Bebek;SALAH
Tautan Daftar â€œCPNS Pengelola Dapur Umum Makan Bergizi Gratisâ€;PENIPUAN
Penawaran Pinjaman Online BCA di TikTok;PENIPUAN
Prabowo Angkat Mahfud MD Jadi Pengawas Internal Istana;SALAH
Patrick Kluivert Umumkan Pengunduran Diri dari Timnas Indonesia;SALAH
Tautan Pendaftaran Lowongan Kerja PT Total Bangun Persada;PENIPUAN
Video â€œDetik-Detik Asteroid Menghantam Bulanâ€;SALAH
Tautan Pencairan â€œTHR dari Pemerintahâ€;PENIPUAN
Potret â€œRobot Petani China yang Bisa Ancam Tenaga Kerja Manusiaâ€;SALAH
Video â€œPrabowo Minta Peserta Mandiri Beralih ke BPJS Gratisâ€;PENIPUAN
Video â€œMahasiswi Peserta Demo #IndonesiaGelap Takut Beasiswanya Dicabutâ€;SALAH
Tautan Klaim Kompensasi untuk Korban Pertamax Oplosan;PENIPUAN
Lowongan Kerja PT Gudang Garam TBK;PENIPUAN
Pendaftaran CPNS 2025 Dibuka;PENIPUAN
Erick Thohir Jadi Tersangka Korupsi Pertamina, Resmi Dipecat Prabowo;SALAH
Tautan â€œPendaftaran Hadiah Apresiasi Pengguna BSI Mobileâ€;PENIPUAN
Video Nasabah BRI Cianjur Antri Pindah Tabungan Akibat Uang Raib pada 2025;SALAH
Video â€œBuka Siang Hari saat Ramadan, Warung Makan Dirusakâ€;SALAH
Video â€œDosen Unair Disidang Pidana Usai Suruh Mahasiswa Berdemoâ€;SALAH
Banjir Bandang Terjang Pelabuhan Ratu pada 9 Maret 2025;SALAH
Antam Sebarkan 109 Ton Emas Palsu;SALAH
Tautan Lowongan Kerja Indofood Group;PENIPUAN
Direktur BPJS Kesehatan Ajak Pindah Kepesertaan BPJS Mandiri ke BPJS Gratis;PENIPUAN
140 Mahasiswa Sewaan Aksi #IndonesiaGelap Ditangkap Polisi;SALAH
Tautan â€œPendaftaran Haji Gratis dari Kerajaan Arab Saudiâ€;PENIPUAN
Masjid Tempat Agenda Teroris;SALAH
Akun TikTok Lowongan Pekerjaan MR DIY;PENIPUAN
Video Banjir Setinggi 4 Meter Menenggelamkan Kawasan Elit di Bekasi;SALAH
Seekor Paus Menelan Kapal;SALAH
Video â€œPrabowo Minta Kepala Daerah dari PDIP Mundur Bila Tidak Ikut Retretâ€;SALAH
Mobil Diamuk Warga karena Pengendaranya Tidak Bayar Bensin;SALAH
Video â€œMahasiswa Dalang Pembakaran Foto Prabowo-Gibran Ditahan Polisiâ€;SALAH
Presiden BEM Unair Ditangkap;SALAH
Tautan Rekrutmen PT IWIP, Gaji Tembus Puluhan Juta;PENIPUAN
Kejagung Umumkan Koruptor Pertamina Bakal Dihukum Mati;SALAH
Mobil Maung Garuda Isi Bensin di SPBU Shell;SALAH
Megawati Ngotot Bubarkan KPK Imbas Skandal Korupsi Elite PDIP Terkuak;SALAH
Video â€œGuru Jelaskan Gravitasi Adalah Hoaksâ€;SALAH
Tesla Pamerkan Robot Optimus Pengganti Buruh Pabrik;SALAH
Tautan Perpanjangan Program Diskon Listrik 50%;PENIPUAN
Video â€œBrankas Penyimpanan Uang Korupsi Pertaminaâ€;SALAH
Tautan Lowongan Kerja di Kantor Prabowo;PENIPUAN
Penghina Presiden Prabowo Subianto Tertangkap;SALAH
Tautan Pendaftaran Program Mudik Gratis;PENIPUAN
Atta Halilintar Ditahan Bareskrim, Buntut Kasus Robot Trading;SALAH
Pendaftaran Bantuan Dana Hibah â€œAl Bayti Saudi Arabiaâ€”UEAâ€;PENIPUAN
Video â€œDirut Pertamina Patra Niaga Oplos Pertalite Jadi Pertamaxâ€;SALAH
Prabowo Kerahkan Militer Imbas WNI Ditembak Mati Polisi Malaysia;SALAH
Megawati Pecat Bupati Brebes dari Kader PDIP karena Ikut Retret;SALAH
Robot AI Menyerang Warga di China;SALAH
Januari 2025 Prabowo Resmikan UU Perampasan Aset;SALAH
Imigran Muslim dari Palestina Sebabkan Kebakaran di Los Angeles;SALAH
Kuda Bertanduk Ditemukan di Hutan Kalimantan Utara;SALAH
Tautan Lowongan Kerja Richeese Factory;PENIPUAN
Prabowo Resmikan Pinjaman Online Bank BCA;PENIPUAN
Presiden Prabowo Terapkan Aturan Anak di Bawah 16 Tahun Tidak Boleh Pegang Handphone;SALAH
Uang Rp25.000 Bergambar Gus Dur;SALAH
Video â€œDemo di Makassar, Tuntut Jokowi Diadiliâ€;SALAH
Potret Demonstrasi Ojek Online 28 Agustus 2025;SALAH
Video â€œPerwira TNI Tolak Kenaikan Pajak dan Penambahan Gaji DPR saat Rapat Bersama Kemenkeuâ€;SALAH
Tautan Pendaftaran Tenaga Pendamping Program Penyediaan Air Minum dan Sanitasi Berbasis Masyarakat;PENIPUAN
Tautan Gebyar Undian BRI Edisi HUT RI;PENIPUAN
Video Pejabat Korupsi China Dijemput Paksa Saat Rapat;SALAH
Video â€œWarga Surabaya ke Jakarta, Ikut Demo Bubarkan DPRâ€;SALAH
Tautan Bantuan Insentif untuk Guru Non-ASN;PENIPUAN
Seduhan Daun Kelor dan Air Kelapa Bisa Bersihkan Paru-Paru;SALAH
Video Jakarta Membara, Demo 25 Agustus 2025;SALAH
Rektor UGM, Ova Emilia Dipenjara Kasus Penggelapan 29 Miliar;SALAH
Video Dokter Tirta Ungkap Cara Mengatasi Wasir dengan Air Putih dan Garam;SALAH
Judul Artikel Gelora â€œYaqut Cholil Qiemas: Kuota Haji Diatur Jokowi, Saya Berapa Kali Transfer Ke Rekening Jokowi Ada Sepuluh kali Dalam Setahunâ€;SALAH
Video â€œRapat Presiden dan Menteri Setujui Pemberhentian Bupati Sadewoâ€;SALAH
Gubernur Jateng Minta Warga Pati Ampuni Bupati Sudewo;SALAH
Tautan Pendaftaran Lowongan Kerja Ramayana;PENIPUAN
Video â€œDemo saat Upacara HUT ke-80 RI di Patiâ€;SALAH
Tautan Pendaftaran Lowongan Kerja Pegadaian 2025;PENIPUAN
Tautan Pendaftaran â€œBantuan Ayam Petelur Gratisâ€;PENIPUAN
Video Mahasiswa Berhasil Masuk Ke Gedung DPR RI 25 Agustus 2025;SALAH
Situasi di Jakarta Siaga 1, Demo di Bundaran HI 25 Agustus 2025;SALAH
Video â€œBupati Pati Sudewo Promosikan Laman Judi Onlineâ€;PENIPUAN
Ratusan Begal Motor Disebar di Jagorawi;SALAH
Serangan Udara Kerajaan Thailand ke Dua Posisi Militer Kamboja;SALAH
Ada Bantuan untuk TKI dari BP2MI Melalui WhatsApp;PENIPUAN
Pendaftaran Badan Gizi Nasional Periode 20 Agustus â€“ 10 September 2025;PENIPUAN
Sri Mulyani Umumkan Program Pemutihan Pinjol dari OJK;PENIPUAN
Tautan Lowongan Kerja Trans Studio Indonesia;PENIPUAN
Bank Indonesia Rilis Uang Pecahan Rp22.500, Rp40.000, dan Rp175.000;SALAH
Aplikasi Game Roblox Bakal Ditutup 1 September 2025;PARODI
NASA Konfirmasi Ledakan Besar Gunung Aktif di Bumi Tahun 2025;SALAH
Tangkapan Layar Artikel detiknews: Legislator PDIP Ingatkan Menteri Keuangan, Bu Menteri Kita Pilih, Jangan Naikkan Pajak Rakyat;SATIR
Tujuh Anggota Paskibra Meninggal karena Kelelahan pada 2025;SALAH
Pasha Ungu Mengundurkan Diri dari DPR;SALAH
Uang Baru Pecahan Rp250.000;SALAH
Video Wanita Aceh Berbicara di Depan Parlemen Eropa Inginkan Aceh Merdeka;SALAH
KPK Panggil Megawati Terkait Puluhan Kasus Korupsi;SALAH
Penghasilan Pekerja Seks Komersial Bakal Kena Pajak;SALAH
Ustaz Yusuf Mansyur Meninggal Dunia pada 24 Agustus 2025;SALAH
Pemerintah Bagikan Uang Sitaan Korupsi Impor Gula Rp565 Miliar kepada TKI;PENIPUAN
Tautan Rekrutmen Calon ASN SPPI 2025;PENIPUAN
ASI Bisa Gantikan Fungsi Imunisasi Campak dan Polio;SALAH
Emas Muncul dari Sungai Eufrat yang Mengering;BELUM TERBUKTI
Ada Kenaikan Biaya Admin Bank Usai Polemik Blokir Rekening;SALAH
Vaksin HPV Sebabkan Rahim Kering dan Kemandulan;SALAH
3 Orang Tewas saat Demo di Pati;SALAH
Sri Mulyani Umumkan Program Pemutihan Pinjol dari OJK;PENIPUAN
Chandra Hamzah: Penjual Pecel Lele di Trotoar Bisa Kena UU Tipikor karena Memperkaya Diri dan Merugikan Negara;SALAH
Gibran Bagi-Bagi Uang Rayakan HUT ke-80 RI;PENIPUAN
Indonesia Nyatakan Siap Perang Lawan Malaysia soal Ambalat;SALAH
25 Agustus 2025 Bakal Ada Demo Pembubaran DPR;SALAH
Video â€œPrabowo Bela Bupati Sudewoâ€;SALAH
Prabowo Bakal Ambil Alih Seluruh Pabrik Asing di Indonesia;SALAH
PGI Berikan Bantuan Pembangunan Gereja Lewat WhatsApp;PENIPUAN
Aceh Kini Kibarkan Bendera Sendiri;SALAH
Ada Biaya untuk Pembukaan Rekening yang Diblokir PPATK;SALAH
Thailand Jatuhkan Asap Beracun di Kamboja;SALAH
Prabowo Lepas Pulau Layang-Layang untuk Malaysia;SALAH
Polisi Imbau Warga Bermain Judol dengan Sportif dan Tidak Merugikan Bandar;SATIR
Pelatih Paus Jessica Radcliffe Meninggal Akibat Dimangsa Ikan Paus;SALAH
Pemerintah Resmi Mengembalikan Hasil Sitaan Judi Ilegal ke Rakyat;SALAH
Tangkapan Layar Artikel CNBC Indonesia tentang Penyerahan Uang Pengadaan Laptop oleh Nadiem Makarim ke Jokowi;SALAH
HIV Tidak Berbahaya, ARV Hanya Propaganda;SALAH
China Blacklist 20 Perusahaan asal India, Karena Bekerjasama dengan Amerika;SALAH
Gaji Tahunan Penjaga Mercusuar La Jument Prancis Tembus Miliaran Rupiah;SALAH
Judul Artikel Gelora â€œKaesang: Rakyat Banyak Sekali Yang Memaksa Saya Untuk Jadi Presidenâ€;SALAH
PBB Memutuskan Referendum 5 Negara Baru, 3 dari Indonesia;SALAH
Video Sri Mulyani Sebut â€œGuru Itu Beban Negaraâ€;SALAH
Program Baru BPN: Sertipikat Tanah dan Balik Nama Gratis;PENIPUAN
Video â€œPernyataan Pengunduran Diri Bupati Sudewoâ€;SALAH
Prabowo Bagi-Bagi Uang Rayakan HUT ke-80 RI;PENIPUAN
Video â€œ10 Ribu Warga Jakarta Bantu Warga Pati Demo Turunkan Bupatiâ€;SALAH
Akar Alang-Alang Bisa Gantikan Prosedur Cuci Darah;SALAH
Tautan Pendaftaran Bantuan Kuota untuk Sambut 17 Agustus;PENIPUAN
Video Demo Bupati Sudewo pada 13 Agustus 2025;SALAH
Tautan Pendaftaran Upacara HUT Ke-80 RI di Istana Negara;PENIPUAN
Menempelkan Dua Peniti Bisa Perkuat Sinyal Ponsel;SALAH
Tautan Pendaftaran Lowongan Kerja PT Vale Indonesia;PENIPUAN
Tautan Rekrutmen Sarjana Penggerak Pembangunan Indonesia (SPPI) Batch 4;PENIPUAN
Tautan Pendaftaran Petugas Haji 2026;PENIPUAN
Warga Papua Minta Jokowi Kembali Pimpin Negara;SALAH
Tautan Klaim Token Listrik Gratis Jelang Hari Kemerdekaan;PENIPUAN
Video â€œJuli 2025 Ada Tsunami di Lampungâ€;SALAH
Tautan Pendaftaran CPNS Kemenag 2025;PENIPUAN
Prabowo Usulkan Referendum di Aceh dan Papua Barat;SALAH
Video â€œTsunami di Hokkaido Jepang 30 Juli 2025â€;SALAH
Perangkat Elektronik Harus Dimatikan karena Ada Radiasi Kosmik;SALAH
Foto Tagihan Royalti Musik dan Lagu di Restoran;SALAH
Pemberangkatan Pengungsi Palestina ke Indonesia;SALAH
Perpanjang dan Pembuatan SIM Gratis pada 17 Agustus 2025;PENIPUAN
Tautan Pendaftaran Loker SKK Migas Petrochina International;PENIPUAN
Indonesia Kirim Pasukan Khusus ke Kamboja;SALAH
Pengaturan Nozzle Memengaruhi Akurasi Takaran BBM;SALAH
Tautan Pendaftaran Rekening Aktif untuk Cegah Pemblokiran;PENIPUAN
Tautan Pendaftaran Bantuan Dana Koperasi Desa Merah Putih;PENIPUAN
Ada Bantuan Dana dari Saudi Arabia untuk Umat Islam;PENIPUAN
Rekaman Rudal Tomahawk AS Menghantam Situs Nuklir Iran;SALAH
Tarik Uang di ATM Yang Sama Agar Tidak Terblokir PPATK;SALAH
Pengibaran Bendera One Piece Dihukum 5 Tahun Penjara;SALAH
Video Rekaman Tsunami Rusia;SALAH
Prabowo Mau Lunasi Utang Rakyat Pakai Dana Pribadi;SALAH
Menghadap Lilin Menyembuhkan Mata Minus;SALAH
Komdigi Kaji Pengguna Harus Beli Internet Premium untuk WhatsApp Call;SALAH
Video 50 Ribu Pendemo Siap Meluncur ke Pati;SALAH
Tautan Lowongan Kerja AQUA;PENIPUAN
FIFA Ungkap Kecurangan Timnas Vietnam di Final Lawan Indonesia;SALAH
Tautan Pendaftaran Lowongan Kerja KFC;PENIPUAN
ASEAN Prediksi Indonesia Bangkrut Tahun 2030 karena Utang;SALAH
Kementerian Dalam Negeri Israel Terkena Rudal Iran;SALAH
Tautan Pendaftaran BLT Untuk Pendidikan Anak Sekolah;PENIPUAN
Gibran Sebut Pernyataan â€œJanji 19 Juta Lapangan Kerjaâ€ Itu Dipelintir Media Massa;SALAH
Tautan Bantuan Bibit Ayam Dari Pemerintah;SALAH
Beredar Uang Mutilasi Sebesar 600 Miliar;BELUM TERBUKTI
Tautan Pendaftaran Lowongan Kerja Badan Pusat Statistik;PENIPUAN
Video Warga Tarik Uang Akibat Diblokir PPATK;SALAH
Kapal Terhempas Ombak Saat Gempa di Rusia;SALAH
Mobil berisi 30 ton Ginjal Manusia;SALAH
Tautan Pendaftaran CPNS Dinas Perhubungan Periode 7 Juli-27 Agustus 2025;PENIPUAN
Tautan Pendaftaran Token Listrik Gratis Periode 7 Juli-27 Agustus 2025;PENIPUAN
Australia Keluar dari WHO;SALAH
Video â€œIndonesia dan AS Rasakan Getaran Gempa dan Tsunami Rusiaâ€;SALAH
Video â€œPaus Beluga Terdampar Usai Tsunami Rusiaâ€;SALAH
Video â€œTsunami Rusia 30 Juli 2025, Ombak Besar Hantam Gedungâ€;SALAH
Dokumentasi â€œTsunami Hantam Jepang Usai Gempa di Rusiaâ€;SALAH
Aksi Protes Warga AS Menolak Serangan ke Iran;SALAH
Tom Lembong dan Hasto Bebas karena Perintah Jokowi;SALAH
Dokumentasi â€œPesawat Israel Tiba di Jakartaâ€;SALAH
Iran Bikin Sayembara Berhadiah untuk Bunuh Trump dan Netanyahu;SALAH
Video â€œQatar Meledak Akibat Drone Iranâ€;SALAH
Korea Utara Hukum Mati Pendukung Zionis, Nyatakan Israel Negara Ilegal;SALAH
Video â€œRudal Iran Meluncur dari Bawah Tanah untuk Serang Israelâ€;SALAH
FIFA Sanksi Vietnam Usai Laga Final Piala AFF U-23 2025;SALAH
Kejaksaan dan Polisi Bakal Panggil Peserta Reuni UGM Angkatan Jokowi;SALAH
BIN Umumkan Kondisi Darurat Militer Indonesia;SALAH
Bos Perusahaan Otobus (PO) Haryanto Bagi-Bagi Uang;PENIPUAN
Ahok Seret Nama Jokowi dalam Kasus Korupsi Pertamina;SALAH
Foto Pesawat MiG-21 Kamboja Jatuh setelah Lawan Pesawat Thailand;SALAH
Indonesia Tunjukkan Senjata Nuklirnya;SALAH
Perpanjang SIM Harus Melalui Tes Ulang;SALAH
Prabowo Segera Usir Habib Baâ€™alawi;SALAH
Ada Razia Berujung Kuras Bensin Usai Kasus Pertamax Oplosan;SALAH
Video Gempa M 6,2 Guncang Istanbul 04/23/2025;SALAH
Pandemic Treaty: Ada Denda untuk Masyarakat Penolak Vaksin;SALAH
Gambar â€œDesain Pondasi Kota Venesia Italiaâ€;SALAH
Naik KRL Tidak Bisa Pakai e-Money Bank Mandiri;SALAH
Gaji PNS dan Pensiunan Resmi Naik 16 Persen Tahun 2025;SALAH
Tautan Pendaftaran Undian untuk Pengguna Livin by Mandiri;PENIPUAN
Konser Sheila on 7 di Mako Ambon;SALAH
Video â€œJet Tempur Rusia Tiba di Biak, Papuaâ€;SALAH
Video â€œPenemuan Putri Duyung di Pantai Selatan Jawaâ€;SALAH
Tautan Lowongan Kerja Tenaga Swakelola Bank Indonesia;PENIPUAN
Tautan Lowongan Kerja Petugas PTSP Kejaksaan Negeri;PENIPUAN
Pesan WhatsApp Pendaftaran Petugas PPSU Langsung di Balai Kota;SALAH
Prosesi Pemindahan Jenazah Paus Fransiskus;SALAH
AFC Diskualifikasi Korea Utara dari Piala Asia U-17 2025;SALAH
Pendemo dan Penuduh Ijazah Palsu Jokowi Ditangkap;SALAH
Tautan Rekrutmen Pegawai Koperasi Desa Merah Putih;PENIPUAN
Tautan Pendaftaran CPNS Kementerian Pariwisata 2025;PENIPUAN
Tangis Haru Dapat Baju Oranye karena Kasus Ijazah Palsu;SALAH
Tautan Lowongan Kementerian Koperasi dan UKM;PENIPUAN
Penemuan Makam Nabi di Tembok Besar China;BELUM TERBUKTI
Ajakan Gerakan 1821 dari Anies Baswedan;SALAH
Pemerintah Tutup Kasus Ladang Ganja di Bromo karena Tumbuh dari Kotoran Burung;SALAH
Pelembab Wajah dengan Deterjen Cair;SALAH
Barang Bukti Narkoba Diduga Masuk Melalui PIK 2 Operasi Dalam 21 Hari;SALAH
Tautan Pendaftaran Program â€œBantuan Alat dan Mesin Pertanianâ€;PENIPUAN
Raymond Chin Promosikan â€œGrup Analisis Saham Eksklusifâ€;PENIPUAN
Video â€œMusibah Tenggelamnya Kapal Laut Pengangkut Mobilâ€;SALAH
AFC Melarang Indonesia Menaturalisasi Warga Negara Belanda;SALAH
Video â€œPresiden Prabowo Ancam Media untuk Berhati-hatiâ€;SALAH
Video â€œMahasiswa Menyerang Anggota Polres Bogorâ€;SALAH
Video â€œPenyiksaan Terhadap WNI di Kambojaâ€;SALAH
Prabowo Batalkan Program MBG, Diubah Jadi Pendidikan Gratis Seumur Hidup;SALAH
Menag Sebut Uang Zakat dan Infak Bakal Dipakai untuk Masjid di IKN;SALAH
Fenomena 7 Matahari Kembar di Bukit Hermon Menghadap ke Gaza;SALAH
Kejagung Sita Aset Kaesang, Buntut Kasus Tom Lembong;SALAH
Video â€œPenjagaan Polisi saat Warga Geruduk UGM Minta Usut Ijazah Jokowiâ€;SALAH
Penemuan Kerangka Manusia di Pantai Batu Rakit;SALAH
Gelombang Tinggi Pantai Pasir Putih Kangean Sumenep Hingga 10 Meter;SALAH
Menteri Bahlil: Kas Negara Kosong, Masyarakat Diminta Menyumbang;SALAH
Maskapai Air Canada Sengaja Hapus Israel di Peta In-Flight;SALAH
Pejabat Korupsi di China Dihukum Mati saat Rapat;SALAH
Prabowo Bakal Hapus Jabatan Kepala Desa;SALAH
Tautan Lowongan Kerja Alfamart;PENIPUAN
Video â€œDetik-Detik Hiu Serang Kapal Nelayanâ€;SALAH
Tautan â€œNew Gebyar Program Bank BCA Tahun 2025â€;PENIPUAN
Video â€œAda Bangkai Kereta di Tebing, Akibat Jembatan Runtuhâ€;SALAH
Jokowi Pakai Rp38,5 Triliun Dana Haji, Rakyat Tak Diberi Tahu;SALAH
Pencairan Dana Bansos Kemenkeu;PENIPUAN
Tautan â€œBantuan Subsidi Upahâ€;PENIPUAN
Imbauan Wamenaker untuk Membantu Menyumbang Pemerintah karena Kas Negara Kosong;SALAH
Pesan Berantai â€œPerempuan Amerika Serikat Semua Tanpa Baju Protes Rencana Pemerintah AS Stop Impor Baju dari Chinaâ€;SALAH
Artikel Presiden Prabowo Marah ke Rakyat yang Bikin Pusing Pemerintah;SALAH
Video â€œPenampakan Asli Belalang Sembah Bunga Terataiâ€;SALAH
Video â€œKapal Usang Menempel di Tepi Tebingâ€;SALAH
Video â€œRestoran Penyaji Daging Manusia di Nigeriaâ€;SALAH
Abu Janda Jadi Komisaris Jasamarga Tollroad Operator;SALAH
Tarian Pemanggil THR Merupakan Tari Hora Tradisi Yahudi;SALAH
Video â€œPembuatan Beras dari Plastikâ€;SALAH
Kapal India Terdampar di Perairan Nias Barat;SALAH
Narasi â€œKerusuhan Mei 1998 Tidak Spesifik Menyerang Etnis Tionghoaâ€;SALAH
Tautan â€œVoucer Alfamart Gratisâ€;PENIPUAN
Peluncuran Program BLT untuk UMKM Sebesar Rp5 Juta;PENIPUAN
Artikel Dedi Mulyadi Mengatakan Tuhan Tidak Ada dan Lebih Percaya Nyi Roro Kidul;SALAH
Tempo Menghapus Berita Jokowi;SALAH
Bank DKI Kebobolan 200 Miliar, Imbau Nasabah untuk Tarik Seluruh Saldo di ATM KJP;SALAH
Kuda Unicorn Hebohkan Warga di Kabupaten Lahat;SALAH
Video Demo Penolakan RUU TNI di Surabaya;SALAH
Erick Thohir Meminta Seluruh Rakyat Menyumbang Emas untuk Memajukan Ekonomi Indonesia;SALAH
Daihatsu Tutup Operasional di Indonesia, Dialihkan ke Toyota;PARODI
Video â€œRumah Ridwan Kamil Digeruduk Warga saat KPK Sita Barang Hasil Korupsiâ€;SALAH
Tautan Pendaftaran â€œFestival Berhadiah BCA Mobileâ€;PENIPUAN
Video â€œDokumentasi Gempa Myanmar di Area Pantaiâ€;SALAH
Anak Kecil Diserahkan ke Orang Dewasa untuk Dikawini;SALAH
Video â€œDetik-Detik Erupsi Gunung Gedeâ€;SALAH
Pernyataan Haris Azhar untuk Blokir Program Bocor Alus Tempo;SALAH
Tautan â€œPendaftaran Lowongan Kerja Program BIBIT BSI 2025â€;PENIPUAN
Masuk PIK Harus Pakai Paspor dan Bendera Merah Putih Dilarang;SALAH
Kebakaran Kehancuran Situs Nuklir Iran;SALAH
Dana Bantuan dari BPJS;PENIPUAN
Flurona Itu Virus Buatan Tiga Perusahaan Vaksin di China;SALAH
Lumpur Lapindo Berhenti Menyembur;SALAH
Budi Arie Akan Kembalikan Dana Haji yang Dipakai IKN Dalam Bentuk THR;SALAH
Demo di Turki Buntut dari Ditahannya Wali Kota Istanbul;SALAH
Prabowo Teken SK Pemecatan 55 Pejabat Kepala Daerah;SALAH
Video Ricuh Sidang DPR Mendesak RUU Perampasan Aset;SALAH
Patung Penyu 16,5 Miliar di Sukabumi Berbahan Kardus;SALAH
Akun TikTok Beserta Tautan Pemutihan Pajak;PENIPUAN
Kendaraan Dengan STNK Telat Pajak 2 Tahun Akan Langsung Disita;SALAH
Kemenkes Wajibkan Penumpang Pesawat Tervaksinasi TBC;SALAH
Tautan â€œPendaftaran Beasiswa Guru Fullbright DAIâ€;PENIPUAN
Tautan â€œRekrutmen Pemadam Kebakaranâ€;PENIPUAN
Ada Racun Disebarkan dengan Chemtrail, Sebabkan TBC;SALAH
Golkar Dukung Pemakzulan Gibran;SALAH
Tautan Klaim â€œBansos Go Digital Kemensosâ€;PENIPUAN
Tautan â€œPendaftaran untuk Menjadi Driver Grabâ€;PENIPUAN
SPBU di Manado Jual Pertalite Dicampur Air;SALAH
Proses Pembuatan Patung Paus Fransiskus dari Emas;SALAH
Tautan Lowongan Kerja KAI Services;PENIPUAN
Anak di India Lumpuh Akibat Vaksin Polio Bill Gates;SALAH
Virus Baru Disebarkan ke Anak Sekolah Melalui Pembagian Obat Cacing;SALAH
Vaksin Itu Produk Rekayasa yang Membahayakan Generasi Mendatang;SALAH
Tautan Lowongan Kerja PT Hwa Seung Indonesia (HWI);PENIPUAN
Ada Bantuan Tunai dari Kerajaan Brunei;PENIPUAN
Pesan Berantai â€œBuah Daun Kelor dan Soda untuk Obat Sakit Sendiâ€;SALAH
Ada Aplikasi Bluetooth Pendeteksi Penerima Vaksin Covid-19;PENIPUAN
Gubernur Jabar Dedi Mulyadi Resmikan Layanan Pinjol;SALAH
Manuver Pesawat India sebelum Jatuh Tertembak oleh Pakistan;SALAH
Ustaz Abdul Somad Bagi-Bagi Uang untuk TKI;PENIPUAN
Ada Bansos untuk Peserta Uji Coba Vaksin TBC Bill Gates;SALAH
Dokumentasi â€œPenggerebekan Lokasi Penyekapan WNI di Thailandâ€;SALAH
Ikan Lele Penyebab Gagal Ginjal;SALAH
Tautan Rekrutmen JNE Express;PENIPUAN
TNI Membunuh 1.200 Tentara Israel;SALAH
Gibran Bagi-Bagi Uang untuk Bayar Utang hingga Modal Usaha;PENIPUAN
Vaksin mRNA, TBC, dan Malaria Disebarkan Lewat Udara;SALAH
Juru Bicara OPM Menyatakan Menyerah;SALAH
Ada Bantuan Tunai untuk TKI dari BPJS Kesehatan;PENIPUAN
Dokumentasi â€œPawai People Powerâ€;SALAH
Dedi Mulyadi: Hanya Kaum Radikal yang Meragukan Ijazah Pak Jokowi;SALAH
Dokumentasi â€œTKW Ditemukan Hidup dalam Peti Es di Vietnamâ€;SALAH
Makanan MBG di Indonesia Terkontaminasi Bangkai Ular;SALAH
AS Larang Warga ke RI karena Ada Uji Coba Vaksin TBC Bill Gates;SALAH
Petugas Bea Cukai Vietnam Menemukan TKW Indonesia di Dalam Peti Es Besar dari Kamboja;SALAH
Raffi Ahmad Bagi-Bagi Uang untuk Warga Timor Leste;PENIPUAN
YouTuber Aisar Khaled Bagi-Bagi Uang;PENIPUAN
Penerapan Sistem Jalan Berbayar (ERP) di 25 Ruas Jalan Jakarta;SALAH
Video â€œBantuan China untuk Gaza Tembus Blokade Israel di 2025â€;SALAH
Video â€œTNI Gandakan Serangan ke Pusat Kota Israelâ€;SALAH
37 Ribu Warga Israel Mengungsi karena Kebakaran;SALAH
Video â€œPembangunan Patung Paus Fransiskus Berukuran Raksasaâ€;SALAH
Video â€œPasukan Garuda Indonesia Tiba di Palestinaâ€;SALAH
Tautan Lowongan Kerja Cleo Pure Water;PENIPUAN
Tautan Lowongan Kerja Tenaga Staf Universitas Pertamina;PENIPUAN
Tautan Pendaftaran Program Rumah Gratis dari Pemerintah;PENIPUAN
Tautan â€œPendaftaran Peserta JKN Gratis Seumur Hidupâ€;PENIPUAN
Video â€œIbadah Sambil Jogetâ€;SALAH
Video â€œTruk Nekat Terobos dan Tabrak Tarub Resepsiâ€;SALAH
Video Prabowo dan Megawati di Sidang Paripurna Pemakzulan Gibran;SALAH
Israel Pakai Bom Buatan Turkiye untuk Menyerang Gaza;SALAH
Tautan Lowongan Kerja PT Pupuk Indonesia;PENIPUAN
Ekstrak Cabai dan Buah Nanas Bisa Hancurkan Parasit;BELUM TERBUKTI
Program â€œTunjangan Kesehatan dari Kemensos dan Kemenkesâ€;PENIPUAN
Roy Suryo Ditangkap karena Sebut Ijazah Jokowi Palsu;SALAH
Tautan Pendaftaran Beasiswa Pertamina;PENIPUAN
Puluhan Warga Bersholawat di Gunung Lapindo;SALAH
Salah Satu Misil Pakistan Menyerang Balik India;SALAH
Ahli Waris Bisa Disanksi kalau Orang Meninggal Tidak Lapor Pajak;SALAH
Video â€œPerdana Menteri Israel Ancam Presiden Prabowoâ€;SALAH
Tautan â€œPendaftaran BLT untuk Anak Sekolahâ€;PENIPUAN
Tautan â€œPendaftaran Guru Sekolah Rakyatâ€;PENIPUAN
Tautan â€œPendaftaran Bantuan Benih untuk Budidaya Ikanâ€;PENIPUAN
Dokumentasi â€œKoalisi Militer Indonesia-Rusia di Gazaâ€;SALAH
Tautan â€œLowongan Kerja Indonesia Morowali Industrial Park (IMIP)â€;PENIPUAN
41 Pasukan Khusus TNI Gugur Saat Melakukan Misi Kemanusiaan di Gaza;SALAH
Tautan â€œPendaftaran Pemutihan Pinjaman Onlineâ€;PENIPUAN
Tautan Lowongan Kerja Nissin Foods Indonesia;PENIPUAN
KPK Periksa Bobby dan Kaesang Terkait Kasus â€˜Blok Medanâ€™;SALAH
Video â€œJokowi Menunjukkan Ijazah Asli Miliknyaâ€;SALAH
Tautan Penukaran Uang Kuno;PENIPUAN
Kebakaran Gedung Royal Yak di Israel;SALAH
Jokowi Kaget Kehilangan Ijazah Aslinya Padahal akan Ditunjukkan ke Publik;SALAH
Video â€œTentara Rusia Datang Membantu Indonesia Serang Malaysiaâ€;SALAH
Bantuan dari Pemerintah untuk TKI;PENIPUAN
Tautan Pendaftaran CPNS KPK;PENIPUAN
Video WNI di Kamboja Lompat dari Lantai 13;SALAH
IDI Rilis 19 Minuman Mengandung Aspartame Penyebab Pengerasan Otak;SALAH
Sayembara Rp16 M dari Megawati untuk Buktikan Ijazah Jokowi Palsu;SALAH
Semua Uang Impor Gula Masuk ke Rekening Kaesang atas Perintah Jokowi;SALAH
Jalan Napal Belah di Bukit Kemuning, Lampung Utara Putus;SALAH
Penampakan Gelombang Tinggi di Pantai Akibat Gempa Myanmar-Thailand;SALAH
Hary Tanoe Bertemu Shimon Peres pada 2025;SALAH
Video Ribuan Tumpukan Motor Sitaan Akibat Tidak Bisa Nebus;SALAH
Gedung DPRD Pesawaran, Lampung Gosong Terbakar;SALAH
Anggota DPR Temui Mahasiswa saat Demo Agustus 2025;SALAH
Prabowo Bekukan Sementara MPR/DPR;SALAH
Kondisi Ahmad Sahroni, Uya Kuya, dan Eko Patrio Setelah Rumah Mereka Dijarah;SALAH
Penemuan Alat Bantu Seks di Kediaman Ahmad Sahroni;SALAH
ART Ahmad Sahroni Luka Parah Akibat Massa Menyerang Kediaman Ahmad Sahroni;SALAH
10 Brimob Tewas Dalam Pengamanan Demo;SALAH
Video Aceh Butuh Bendera Kemerdekaan Bintang Bulan, Tidak Butuh Bendera RI Penjajah Rakyat;SALAH
Tanggal 1 Desember JaringanÂ  InternetÂ  Indonesia Akan Diputus;SALAH
Anggota PSIÂ  adalah Ojol Palsu yang bertemu Wapres Gibran;SALAH
Ahmad Sahroni Jatuh Pingsan Rumahnya Dijarah;SALAH
PBB Gelar Sidang Darurat, Resmi Bubarkan DPR Indonesia;SALAH
Foto Antrean WNA Terjebak di Bandara Soekarno-Hatta;SALAH
KPID DKI Jakarta Imbau Lembaga Penyiaran Tidak Menayangkan Siaran Demonstrasi yang Bermuatan Kekerasan Secara Berlebihan;SALAH
Sri Mulyani Mundur dari Jabatan Menteri Keuangan;SALAH
Tom Lembong Ungkap Jokowi Telah Lama Meninggal;SALAH
Wonosobo Gempar: Warung Jual Soto, Ternyata Masak Mayat Mahasiswi;SALAH
Getah Daun Jarak Bisa Obati Sakit Gigi;BELUM TERBUKTI
Bagi-bagi Uang Hasil Bongkar Brankas Milik Sahroni;SALAH
Video â€œPrabowo Temui Mahasiswa saat Demo Agustus 2025â€;SALAH
Video Gerakan Demo Bubarkan DPR RI 25 Agustus 2025;SALAH
Perdana Menteri Malaysia Anwar Ibrahim Selalu Menantang Indonesia Berperang di Laut Ambalat;SALAH
Akun X @SahroniNasdem (Sahroni Berdikari);SALAH
Korban Rudapaksa saat Demo Dilarikan ke RS UKI;SALAH
Kompol Jemmy Adalah Polisi yang Melindas Affan Kurniawan;SALAH
Rayyan â€˜Pacu Jalurâ€™ Meninggal Dunia pada 28 Agustus 2025;SALAH
Polisi Penabrak Ojol Gojek Meninggal Dunia saat Demo 28 Agustus 2025;SALAH
Tautan Rekrutmen Petronas Indonesia;PENIPUAN
Tautan Rekrutmen Tenaga Kesehatan Nusantara Sehat;PENIPUAN
Tautan â€œPendaftaran Koperasi Pinjaman, Tanpa Bungaâ€;PENIPUAN
Mayoritas Pasien Kanker Paru-paru Wanita Disebabkan Asap Dapur;SALAH
Tautan â€œPendaftaran BSU Karyawan dan Guru Honorerâ€;PENIPUAN
Air Rebusan Sawo Mengkal Obati Vertigo;BELUM TERBUKTI
Kim Jong Un Nyatakan Siap Perang Bantu Iran;SALAH
Tautan Pendaftaran Loker Bidang Pertanian di Australia;PENIPUAN
Pengadilan Internasional Perintahkan Tangkap Jokowi karena Melanggar HAM;SALAH
Mike Tyson Salat Ashar di Sebuah Cafe Los Angeles, USA;SALAH
Militer China dan Pakistan Resmi Kirim Rudal ke Iran;SALAH
Mendagri Sebut 100 Pulau Akan Dijual;SALAH
Petani Thailand Ubah Sawah Jadi Lukisan KTP WNI Raksasa;SALAH
Tel Aviv Terbakar Akibat Serangan Rudal;SALAH
Agen Mossad yang Tertangkap Akan Diikat di Rudal Kembali ke Israel;SALAH
Kecelakaan di Tol Jogja-Solo, Evakuasi dengan Helikopter;SALAH
Prabowo Umumkan Hukuman Mati bagi Koruptor di DPR;SALAH
Tautan Pendaftaran PPG Prajabatan;PENIPUAN
Tautan Lowongan Kerja Direktorat Jenderal Bea Cukai;PENIPUAN
Bank Indonesia Rilis Uang Baru Edisi HUT ke-80 RI;SALAH
Andika Perkasa Jadi Direktur Utama PLN;SALAH
SALAH] Warga Jakarta Berbondong-bondong Pindah ke Jawa Barat karena Tidak Puas dengan Kepemimpinan Pramono.;
Ada Titik Pijat untuk Melancarkan Haid;SALAH
Megawati Bubarkan PDIP Jika Terbukti Terima Suap dari Judi Online;SALAH
Serangan Balasan Iran ke Israel seperti Karya Seni;SALAH
Foto â€œNajwa Shihab Diamankan Pihak Berwajibâ€;SALAH
Video Prabowo dan SBY Turun Tangan Selesaikan Polemik Empat Pulau;SALAH
PM Israel Netanyahu Melarikan Diri ke Yunani;SALAH
Prabowo Tiba di Singapura Perintahkan Tangkap Jokowi soal Ijazah Palsu;SALAH
Indonesia akan Turun Salju pada 2026;SALAH
Virus yang Tertiup Angin Jadi Penyebab Bellâ€™s Palsy;SALAH
Prabowo Dukung Rismon Sianipar Usut Dugaan Ijazah Palsu Jokowi;SALAH
Koalisi Masyarakat Sipil Tuntut Adili Jokowi dan Makzulkan Gibran;SALAH
Bandara Israel Ben Gurion Hancur Akibat Rudal Hipersonik Yaman;SALAH
Rekaman Suara â€œSBY Marah kepada Kapolriâ€;SALAH
Arab Saudi Tahun 2026 Bakal Jual Bebaskan Alkohol;SALAH
Seorang Warga Israel Terberak-berak karena Sirine Peringatan Serangan Iran;SALAH
Laut Raja Ampat Sudah Rusak dan Banyak Ikan Mati;SALAH
Suasana Car Free Night di Jakarta;SALAH
Tautan â€œPendaftaran Lowongan Pekerjaan BNPBâ€;PENIPUAN
TikTok Bakal Tutup Juni 2025;SALAH
Simbol Tiga Garis di Grup WhatsApp Itu Tanda Kehadiran Hacker;SALAH
Tautan Pendaftaran Lowongan Kerja Kalbe Farma;PENIPUAN
Ledakan Pembangkit Listrik Haifa di Israel Akibat Serangan Rudal Balistik Iran;SALAH
Donald Trump akan Hapus Indonesia dan Rusia dari Peta;SALAH
Video Konvoi Tuntut Aceh Merdeka;SALAH
Mobil Patroli Polsek Kelapa Gading Pakai Lamborghini;SALAH
Tautan Pengajuan Kartu Fisik GoPay;PENIPUAN
Papua Nugini Bakal Gabung ke Indonesia;SALAH
Judul Artikel Detik â€œPolri Bukan Lagi Aparat Negara Tapi Bodyguard Jokowi, karena Itu Kami Akan Bawa Kasus Ini ke Tingkat Internasionalâ€;SALAH
Dedi Mulyadi Laporkan Ridwan Kamil ke KPK karena Anggaran Hilang dan Utang BPJS Rp300 Miliar;SALAH
Toni Tamsil Pelaku Utama Korupsi Rp300 Triliun Divonis 3 Tahun Penjara dan Denda Rp5.000;SALAH
Prabowo Diam-Diam Setuju tentang Pemakzulan Gibran;SALAH
Helikopter Jatuh di Kebun Kopi Palu;SALAH
Garis Hitam di Bawah Lidah Tanda Penyakit Serius;SALAH
Penggeledahan Apartemen Mantan Menteri Pendidikan Nadiem Makarim;SALAH
Ketua Umum Partai Demokrat Pasang Badan Bela Wakil Presiden Gibran;SALAH
Rekaman CCTV Pesawat Air India Jatuh;SALAH
Ratusan Rudal Hypersonic Melintasi Langit Israel;SALAH
Detik-Detik Rekaman Pesawat Air India Jatuh;SALAH
Mahasiswa UGM akan Berangkat ke Jakarta Minta Roy Suryo Ditangkap;SALAH
Wakil Presiden Terlibat Judi Online;SALAH
Video â€œJokowi Menandatangani Izin Tambang Nikel Raja Ampat dan Jalan Trans Papua untuk Tambangâ€;SALAH
Foto â€œPembangunan Patung Dedi Mulyadiâ€;SALAH
Tautan Pendaftaran Rekrutmen SKK Migas;PENIPUAN
Hasto Divonis 7 Tahun Penjara;SALAH
Makam Nabi Sulaiman Ditemukan di Candi Borobudur;SALAH
Potret â€œDesain iPhone Terbaruâ€;SATIR
Nadiem Makarim Jadi DPO Kasus Korupsi Rp9,9 Triliun;SALAH
Duta Besar Jepang: Ijazah Rismon Sianipar Palsu, Bukan Lulusan Yamaguchi;SALAH
Tautan â€œLowongan Kerja di Kantor Imigrasiâ€;PENIPUAN
Dedi Mulyadi Wajibkan Rumah di Jabar Dibangun Pakai Bambu;SALAH
Eskavator Dibakar di Tambang Raja Ampat;SALAH
Massa Geruduk Istana Tagih 19 Juta Lapangan Kerja;SALAH
Video â€œMotor Meleleh karena Sinar Matahariâ€;SALAH
Dedi Mulyadi Dirawat di Rumah Sakit pada Juni 2025;SALAH
Mahasiswi ITB Ditangkap Usai Sunting Foto Prabowo dan Jokowi;SALAH
Tautan â€œPendaftaran Beasiswa LPDP Dokter Spesialis dan Subspesialisâ€;PENIPUAN
Video â€œPenemuan Candi Wisnu di Bawah Laut Dekat Baliâ€;SALAH
DPR Sarankan Penonaktifan Kapolri, Buntut Kasus Ijazah Palsu Jokowi;SALAH
Pemandangan Tambang Nikel Raja Ampat dari Udara;SALAH
700 Kepala Desa Ditangkap KPK;SALAH
Pesan Berantai Proses Pembuatan Beras dari Botol Bekas;SALAH
Penegasan Nadiem Makarim Berbagi Uang Pengadaan Laptop dengan Jokowi;SALAH
Sertifikat Halal Produk McDonaldâ€™s Dicabut di Indonesia;SALAH
Tautan Pendaftaran â€œRekrutmen Program Literasi Nasionalâ€;PENIPUAN
Video â€œCandi Borobudur Bakal Dipasang Eskalator Agar Prabowo Bisa Naik ke Atasâ€;SALAH
Tautan Pendaftaran â€œBantuan untuk Guru Honorerâ€;PENIPUAN
Oey Hong Liong Adalah Nama Kecil Jokowi;SALAH
Video â€œDonald Trump Mengejek Pakistanâ€;SALAH
Mahkamah Internasional Tetapkan Israel sebagai Negara Ilegal;SALAH
Tautan â€œPendaftaran Giveaway PLNâ€;PENIPUAN
Tautan Rekrutmen Relawan Baznaz untuk Iduladha;PENIPUAN
Kuasa Hukum Jokowi Terbata-bata Menjawab Pertanyaan Hakim;SALAH
Jalanan Macet Total karena Rombongan Prabowo Mau Lewat;SALAH
Tiongkok Menerobos Blokade Israel Drop Bantuan bagi Gaza;SALAH
Video â€œTentara India Kibarkan Bendera Putih ke Pakistanâ€;SALAH
Prabowo Resmi Copot Gibran;SALAH
Tautan Pendaftaran Lowongan Kerja Mandiri Taspen;PENIPUAN
Video â€œDedi Mulyadi Mau Bagi-Bagi Uang Tunaiâ€;PENIPUAN
Tautan Pendaftaran Rekrutmen PT Kilang Pertamina Balikpapan;PENIPUAN
Tentara Arab Saudi Sudah Tiba di Gaza;SALAH
100 Ton Narkotika Masuk Provinsi Maluku;SALAH
Dedi Mulyadi Beri Bantuan Motor;PENIPUAN
Gubernur Maluku Utara Sherly Tjoanda Bagi-Bagi Uang;PENIPUAN
Pemprov Jabar Sudah Lunasi Utang Rp300 M ke BPJS Kesehatan;SALAH
Tautan Pendaftaran Loker BUMA International Group;PENIPUAN
Amplop Kondangan Bakal Kena Pajak;SALAH
Demo Tuntut Penangkapan Jokowi dan Makzulkan Gibran;SALAH
Tautan Pendaftaran Prakerja 2025;PENIPUAN
Willie Salim & Raffi Ahmad Promosi Judi Online dan Bagi-Bagi Uang 1 Milyar;PENIPUAN
Kejadian Luar Biasa Difteri di Jakarta;SALAH
Tautan Pendaftaran Bantuan Traktor dan Pompa Air;PENIPUAN
Foto â€œPenemuan Candi Megah di Gondang, Mojokertoâ€;SALAH
Video â€œKamboja Tembak Jatuh Pesawat Tempur F16 Milik Thailandâ€;SALAH
Putin Tunjuk Prabowo Jadi Ketua NDB BRICS;SALAH
Surat Panggilan Calon Karyawan Pertamina melalui WhatsApp;PENIPUAN
Tautan Pendaftaran Rekrutmen Bank Muamalat;PENIPUAN
Video â€œPerang Dunia ke-3 Diumumkan, Indonesia Terapkan Wajib Militerâ€;SALAH
Video â€œTentara Amerika Sudah Masuk Hutan Acehâ€;SALAH
Trump Ancam Hapus New York dari Peta kalau Mamdani Jadi Wali Kota;SALAH
Video Kepulan Asap Hitam â€œSerangan Iran ke Israelâ€;SALAH
Setengah Wilayah Israel Hangus karena Serangan Bom Iran;SALAH
Erick Thohir Minta Polisi Hentikan Kasus Dugaan Ijazah Palsu Jokowi;SALAH
Video â€œPerang Thailand-Kamboja, Ada Ledakan Bom dan Hujan Tembakanâ€;SALAH
Pembentukan Badan Pengawas Judi Slot Indonesia;SALAH
Tautan Program Pemulihan Korban Penipuan Online;PENIPUAN
Samsat Kejar Penunggak Pajak ke Rumah;SALAH
Polisi Temukan 30 Ton Ginjal TKI di Mobil Box Sayur;SALAH
Tom Lembong Bebas Tanpa Syarat Usai Seret Jokowi;SALAH
Agustus 2025 Bakal Ada Gerhana Matahari Total;SALAH
Prabowo Hentikan Program Bansos;SALAH
Video â€œPenangkapan Benjamin Netanyahuâ€;SALAH
Tautan Pendaftaran CPNS Kemenkumham;PENIPUAN
Video â€œTrump Lengser dari Kursi Presiden AS, Digantikan Obamaâ€;SALAH
Anggota TNI Kehilangan Tangan dan Kaki Usai Selamatkan Anak di Palestina;SALAH
Rekrutmen Tenaga Ahli DPR RI Fraksi Partai Demokrat;PENIPUAN
Dana Pensiun Hanya Bisa Diambil Melalui Kantor Pos;SALAH
TNI Perdamaian Tantang Israel untuk Perang Besar;SALAH
Biaya Denda Tilang Terbaru;SALAH
Pemerintah Akan Batasi Telepon-Video pada WhatsApp;SALAH
Presiden Prabowo Jadi Ketua BRICS;SALAH
Wamen Giring Minta Anies Tidak Terjun Lagi ke Politik;SALAH
18 Ribu Personel TNI Lengkap dengan Alat Perang Datang untuk Amankan Aceh;SALAH
Narasi â€œCara Daftar Transmigrasi ke IKNâ€;SALAH
Mulai Juni 2025, Peserta BPJS PBI Dinonaktifkan oleh Pusat;SALAH
Jokowi Punya Rekening di 20 Bank Asing;SALAH
Jokowi Mengancam Para Ulama;SALAH
Video â€œSri Mulyani Permalukan DPR saat Membahas Uang Negaraâ€;SALAH
Tautan Pendaftaran Lowongan Kerja Adaro Indonesia;PENIPUAN
Pelatih Timnas U-23 RI Gerald Vanenburg Minta AFF Dibubarkan;SALAH
Video â€œPenampakan Rudal TNI AU Garuda N45â€;SALAH
Video â€œHelikopter Terjatuh di Parapat, Danau Tobaâ€;SALAH
Pembakar Ruko Pramuka Bayaran Jokowi Ditangkap;SALAH
Foto â€œTNI Tangkap Intelijen Israelâ€;SALAH
YouTuber Aisar Khaled Bagi-Bagi Motor;PENIPUAN
Video â€œPembuatan Jet Tempur Siluman Indonesiaâ€;SALAH
Australia Protes karena Rusia Bakal Bangun Pangkalan Militer di Papua;SALAH
Pendaftaran Undian Wondr BNI Berhadiah melalui Facebook;PENIPUAN
Tautan Pendaftaran Program Pembagian Bibit Sawit;PENIPUAN
Tautan Pendaftaran Lowongan Kerja Le Minerale;PENIPUAN
Indro Warkop Mengembuskan Napas Terakhir di Rumah Sakit;SALAH
Australia Berikan Dana Bantuan untuk Umat Kristen Indonesia;PENIPUAN
Tautan Pendaftaran Lowongan Kerja BAZNAS;PENIPUAN
Prabowo Resmikan Pembuatan dan Perpanjangan SIM Gratis;PENIPUAN
Pemerintah Cairkan Bantuan Subsidi Upah (BSU) untuk TKI;PENIPUAN
Video â€œMasjid di Barcelona Sengaja Dibakar sebelum Diresmikanâ€;SALAH
Video â€œTentara Israel Dukung Kemerdekaan Papuaâ€;SALAH
Abuya Darul Aman Orang Terkaya Nomor 5 Dunia, Ambil Alih 2 Pelabuhan Aceh;SALAH
Indonesia Disebut sebagai â€œTiongkok Baru ASEANâ€;SALAH
China Tunjukan Hasil Uji Coba Membuat Manusia;SALAH
TNI Eksekusi Tentara Israel-AS di Gaza Selatan;SALAH
Pembelian Uang Kuno oleh Nagita Slavina;PENIPUAN
Video â€œWarga Malaysia Dukung Kemerdekaan Acehâ€;SALAH
Video â€œRudal R-Han Milik Indonesiaâ€;SALAH
Menuang Tepung di Dekat Kompor Bisa Picu Ledakan Setara Bom;SALAH
Kemenaker Salurkan BSU Sebesar Rp1,7 Juta;PENIPUAN
Tautan Pospay untuk Cek Pencairan BSU;PENIPUAN
Video â€œFasilitas Rahasia Fordow Iranâ€;SALAH
Video â€œPengakuan Kekalahan Israelâ€;SALAH
Video â€œWarga Israel Mengungsi di Gurun Pasirâ€;SALAH
Artikel CNBC Indonesia: â€œRaja Salman Sebut: Negara Termunafik Nomor Satu Indonesiaâ€;SALAH
Tautan Pendaftaran CPNS Kemenhub;PENIPUAN
Video â€œMonster Drone Buatan Iranâ€;SALAH
Tautan Pendaftaran Penghapusan Tunggakan BPJS kesehatan;PENIPUAN
Jepang Membentuk Pusat Komando Imbas Ulah WNI;SALAH
Buya Yahya Bagi-Bagi Uang;PENIPUAN
Wanita Asal Padang Jadi Presiden Singapura;SALAH
Prabowo Menyatakan SIM Berlaku Seumur Hidup;SALAH
Obama Tolak Amerika Ikut Campur Perang Iran;SALAH
Narasi â€œPutin Bakal Bantu Indonesia Jika Diserang Amerika-Israelâ€;SALAH
Jokowi Meninggal Dunia;SALAH
Putin Kirim Ribuan Pasukan sebagai Fasilitas Pertahanan di Papua;SALAH
Ada Insiden Kebocoran Nuklir di Cinere;SALAH
Junta Myanmar Ingin Memerangi Indonesia;SALAH
SALAH] Ono Surono Didemo karena Mau Memecah Jawa Barat Menjadi Lima Provinsi;
Pendaftaran Loker Mayora Group LewatÂ  Google Docs;PENIPUAN
Program â€œBantuan Puluhan Juta Rupiahâ€ dari Dedi Mulyadi;PENIPUAN
Video â€œPrabowo Resmikan Pinjol Tanpa Bungaâ€;PENIPUAN
Tautan â€Pendaftaran Bantuan Subsidi Upahâ€;PENIPUAN
Jepang Blacklist Pekerja Indonesia;SALAH
Iran Pamerkan Rudal Terbesar di Dunia;SALAH
Maia Estianty Berbagi Uang;PENIPUAN
Artis Randy Pangalila Meninggal Dunia pada 11 Juli 2025;SALAH
Klaim Video Peluncuran Rudal Hipersonik;SALAH
Mantan PM Malaysia Dr Mahathir Mohamad Meninggal pada 14 Juli 2025;SALAH
Video Hukuman Bagi Koruptor di Korea Utara;SALAH
Potret â€œPenemuan Baju dan Peralatan Tentaraâ€;SALAH
FIFA Beri Sanksi ke Malaysia karena Melanggar Aturan Naturalisasi;SALAH
Rusia Bantu Iran, Nyatakan Perang terhadap Israel dan AS;SALAH
Video â€œKendaraan Tempur Indonesia untuk Persiapan Perang Dunia IIIâ€;SALAH
Tautan Pendaftaran Lowongan Kerja Superindo;PENIPUAN
Video â€œPetinggi Israel Adu Mulut Usai Iran Serang Balik Israelâ€;SALAH
Tautan Pendaftaran Lowongan Kerja Bappenas;PENIPUAN
Konten Kreator â€œFB Proâ€ Mengalami Kecelakaan karena Keasikan Siaran Langsung;SALAH
Video â€œObama Umumkan Diri sebagai Capres AS 2028â€;SALAH
Video â€œIran Luncurkan Rudal Fattah ke Israelâ€;SALAH
Fenomena Aphelion Penyebab Cuaca Dingin di Indonesia;SALAH
Jokowi Kritis Masuk Rumah Sakit;SALAH
Tautan Pendaftaran Lowongan Kerja Pelita Air;PENIPUAN
Pendaftaran Bantuan â€œIndonesia Peduli Bersamaâ€ untuk Pekerja Migran;PENIPUAN
Video â€œUcapan Terima Kasih Tentara Israel untuk Papuaâ€;SALAH
Potret â€œPrabowo dan Perwakilan Belanda Bahas Kemerdekaan Papua-Acehâ€;SALAH
Prabowo Utus Gibran ke Pedalaman Papua untuk Tugas Perdamaian;SALAH
Detik-Detik Langit Israel Memerah;SALAH
Pesawat Tempur Israel Jatuh di Tanjung Balai;SALAH
Video Buaya Masuk Rumah saat Banjir di Jakarta Selatan;SALAH
Video â€œPesan Militer Iran untuk Rakyat Indonesiaâ€;SALAH
Lombok Jadi Target Utama Israel;SALAH
Indonesia Menyatakan Perang Lawan Myanmar;SALAH
Tautan Cek Status Penerima â€œBantuan Subsidi Upahâ€ Tanpa NIK;PENIPUAN
Video â€œRusia Serang AS karena AS Meledakkan Fasilitas Nuklir Iranâ€;SALAH
Bambu Petuk di Cianjur Mengeluarkan Air Tanpa Selang atau Pipa;SALAH
Tautan Pendaftaran Bantuan Program Indonesia Pintar (PIP);PENIPUAN
Prabowo Resmi Izinkan Rusia Bangun Pangkalan Militer di Indonesia;SALAH
Tubuh Mantan Presiden Israel, Ariel Sharoon Membusuk;SALAH
Ratusan Kapal Perang Cina Tiba di Timur Tengah;SALAH
PM Israel Sebut Perang Israel dan Iran Hanya Sandiwara;SALAH
Kiriman Rudal dari Iran ke Tel Aviv, Israel;SALAH
Warga Papua Rayakan Kedatangan Imigran Israel;SALAH
Dokumentasi â€œKemarahan Obama karena Trump Ikut Campur Perang Iran vs Israelâ€;SALAH
Bantuan Modal Usaha dari Qatar Charity Indonesia;PENIPUAN
Video Dedi Mulyadi Mempromosikan Pinjol;PENIPUAN
Toyota Rilis Mobil Tenaga Air;SALAH
TNI Berhasil Rebut Pos Militer Israel di Gaza;SALAH
Indonesia Jadi Tuan Rumah Ronde 4 Kualifikasi Piala Dunia 2026 Zona Asia;SALAH
Tautan Lowongan Kerja PP Presisi;PENIPUAN
Jerman Lancarkan Serangan ke Israel;SALAH
India Ancam Indonesia Agar Tidak Ikut Campur Urusan India-Pakistan;SALAH
Prabowo Perbolehkan Aceh Kibarkan Bendera Bulan Bintang;SALAH
Indro Warkop Tegur Rocky Gerung karena Mengkritik KDM;SALAH
FIFA Putuskan Jepang Jadi Tuan Rumah Piala Dunia 2026 Gantikan Qatar dan Arab;SALAH
Video Serangan AS terhadap Situs Nuklir Iran di Fordow;SALAH
Pesawat Bantuan China Untuk Gaza Lewat Wilayah Israel;SALAH
Kaisar Jepang Sepakat Kirim Pesawat Militer Bantu Iran;SALAH
Megawati Menjerit karena Skandal Korupsi Indosat dan Jual Pulau Diusut KPK;SALAH
Kapal Tanker Terbakar karena Iran Melarang Selat Hormuz untuk Dilewati;SALAH
Juni 2025, Pangeran Arab Al Waleed Bangun dari Koma;SALAH
Kebakaran di Tel Aviv karena Bombardir Iran ke Israel;SALAH
Mulai 2026 Tanah Tanpa Sertifikat Akan Diambil Alih Negara;SALAH
Amerika Kirim Pesawat Pembom ke Israel;SALAH
FIFA Blacklist Iran dan Tunjuk Indonesia ke Piala Dunia, PSSI menolak;SALAH
Wali Kota Boston Keturunan Indonesia;SALAH
Kabut di Jabodetabek Adalah Rekayasa agar Kasus TBC Meningkat;SALAH
Pengeboman Israel di Sekitar Persembunyian Pemimpin Tertinggi Iran Ayatollah Ali Khamenei;SALAH
Kemenkes Luncurkan Tag â€œTelinga Inovativâ€;SALAH
Tom Lembong Dibebaskan Tanpa Syarat;SALAH
Video â€œWarga Israel Mengungsiâ€;SALAH
Video Ibu Kota Israel Tel Aviv Luluh Lantak;SALAH
Video â€œSerangan Iran ke Gedung Parlemen Israelâ€;SALAH
Video â€œUji Coba Nuklir Iran Sebabkan Ledakan di Gurun dan Lautâ€;SALAH
Kades di Garut Beli Jet Pribadi Pakai Dana Desa;SALAH
Shin Tae-yong Kembali ke PSSI;SALAH
Tangkapan Layar Post Gelora.co dengan Foto Jokowi Terkena Penyakit Kusta;SALAH
Rudal Indonesia Siap Dikirim ke Iran;SALAH
Syarat Beli Rumah Subsidi: Punya Gaji Rp14 Juta;SALAH
Tangkapan Layar Artikel MUI Mendukung Serangan Israel ke Iran;SALAH
Prabowo Tegaskan Indonesia Siap Terlibat Perang;SALAH
Pilot Israel Melarikan Diri dari Pangkalan Udara Karena Ketakutan;SALAH
Potret â€œTenda Pengungsian Masyarakat Israel di Lereng Gunungâ€;SALAH
;
Rekrutmen Relawan BAZNAS Ramadan 2025;PENIPUAN
Buntut Sengketa Pilkada Jateng, MK Diskualifikasi Luthfi-Taj Yasin;SALAH
Donald Trump Mau Pindahkan Dua Juta Warga Gaza ke Indonesia;SALAH
Setengah Wilayah AS Kebakaran, Sisanya Dilanda Badai Salju;SALAH
Susi Pudjiastuti Dipanggil Presiden Prabowo ke Istana;SALAH
Tautan Lowongan Kerja di SCTV dan Indosiar;PENIPUAN
Ribuan Warga Selandia Baru Masuk Islam;SALAH
Kemendikdasmen Buka Loker Guru Privat Online;PENIPUAN
Polisi Los Angeles Masuk Islam Setelah Saksikan Musibah Kebakaran;SALAH
Kontak WhatsApp Rekrutmen Pendamping P3TGAI;PENIPUAN
Telegram Berikan Bonus Kuota Internet Gratis;PENIPUAN
Uang Ratusan Miliar Megawati Jadi Bukti Keterlibatannya di Kasus Harun Masiku;SALAH
Megawati Ditetapkan Tersangka di Kasus Harun Masiku;SALAH
Pemain Brazil, Antony Santos, Akan Gabung Timnas Indonesia;SALAH
Potret â€œJokowi dan Presiden Kenya Rayakan Keberhasilan Usai Jadi Finalis Tokoh Terkorupâ€;SALAH
Tautan â€œPendaftaran Bantuan WiFi Gratis dari Bakti Kominfoâ€;PENIPUAN
Wali Kota Minneapolis Sahkan â€œUU Azan 5 Waktuâ€ Usai Kebakaran LA;SALAH
Pemerintah Gratiskan Tunggakan Iuran BPJS Januariâ€”Februari 2025;SALAH
Tautan Lowongan Kerja PT Krakatau Posco;PENIPUAN
Tautan Lowongan Kerja Petrosea;PENIPUAN
SatuSehat Adalah Program WHO untuk Tatanan Dunia Baru;SALAH
Erick Thohir Bakal Naturalisasi Viktor Gyokeres;SALAH
Prabowo Kerahkan Kopassus ke Markas OCCRP;SALAH
Anak Yatim Piatu Meninggal Dunia Akibat Kelaparan di Makassar;SALAH
Akun TikTok Khusus Bantuan Resmi Pemerintah;PENIPUAN
Warga China Tendang Wajah Anak di Pulau Rempang;SALAH
Tautan Pendaftaran Relawan Program Makan Bergizi Gratis;PENIPUAN
Bobby Nasution Didiskualifikasi di Pilkada Sumatera Utara;SALAH
Tautan Pendaftaran Calon ASN SPP Badan Gizi Nasional;PENIPUAN
Akar Pepaya dan Garam Mampu Obati Gigitan Hewan Berbisa;BELUM TERBUKTI
Larangan Baca Al-Qurâ€™an di Masjid Kompleks Dinas Gubernur Sumatra Utara;SALAH
Taylor Swift Bilang Kebakaran LA Itu Hukuman Tuhan Bagi Pro-Israel;SALAH
Ribuan Warga LA Jadi Mualaf Usai Lihat Lafadz Allah di Langit;SALAH
Penjelasan Dokter Tirta soal Metode â€œBiji Labuâ€ untuk Usir Parasit;PENIPUAN
Foto Guru Agama yang Melakukan Tindakan Tak Senonoh ke Siswa di Grobogan;SALAH
Gagal Penjarakan Hasto, Dewas dan Pimpinan KPK Dipecat Presiden;SALAH
BP2MI Gaet Cicil, Tawarkan Pinjaman ke Pekerja Migran;PENIPUAN
Potret â€œBandar Udara Sanaa di Yaman Usai Serangan Israelâ€;SALAH
Video â€œElon Musk Pamerkan Robot Pemotong Rambutâ€;SALAH
Rakyat Desak Prabowo Pecat Raffi Ahmad;SALAH
Ada Agenda Terselubung Bank Indonesia di Balik Rupiah Digital;SALAH
Prabowo Desak PSSI Tarik Shin Tae-yong Balik ke Timnas;SALAH
Selvi Ananda Bagi-Bagi Uang Puluhan Juta Rupiah;PENIPUAN
Foto â€œKantor Facebook di Los Angeles Terbakarâ€;SALAH
7-Eleven Dijarah Korban Terdampak Kebakaran California;SALAH
Usai Kebakaran, Ada Tornado Api Kembar di California;SALAH
Shin Tae-yong Jadi Pelatih Timnas Brunei Darussalam;SALAH
PSSI Terancam Dibekukan Usai Pecat Shin Tae-yong;SALAH
HMPV Sebabkan Kerusakan Otak;SALAH
Rumah David Steiner di LA Tidak Terbakar;SALAH
PSIS Semarang Siap Tampung Shin Tae-yong Jadi Pelatih Usai Dipecat;SALAH
Kebakaran LA Berkaitan dengan Agenda â€œSmart Cityâ€ PBB;SALAH
Hasto Divonis Hukuman 50 Tahun;SALAH
Google Maps Hanya Andalkan Motor, Mobil, dan Drone;SALAH
Prabowo Jemput Paksa Shin Tae-yong di Korea;SALAH
Video â€œDokumentasi Kebakaran di Los Angelesâ€;SALAH
Prabowo Pecat Erick Thohir dari PSSI;SALAH
MK di Era Prabowo Batalkan Perpanjangan Masa Jabatan Kepala Desa;SALAH
Info Rekrutmen Staf Rumah Sakit JIH, Gaji Tembus Rp10 Juta;PENIPUAN
Tautan Pendaftaran Lowongan Kerja di Taspen;PENIPUAN
Video â€œMegawati Marah karena PDIP Tumbang di Pilkadaâ€;SALAH
Senjata Canggih yang Terarah Jadi Penyebab Kebakaran di California;SALAH
Potret â€œGereja Selamat dari Kebakaran Los Angelesâ€;SALAH
Gambar Sampul Artikel Kompas.com â€œJokowi Bertemu Sekjen Gerindra Bahas Lamaran Menjadi Anggota Partaiâ€;SALAH
Menu Makan Siang Gratis Bikin Siswa Muntah;SALAH
Tautan Lowongan Kerja Barista Kopi Janji Jiwa;PENIPUAN
Tautan Rekrutmen â€œPegawai Laut PT PELNIâ€ untuk Lulusan SMK;PENIPUAN
Pernyataan Prof. Dr. Ir Budi Indarto Terkait Konsumsi Pangan;SALAH
Pesawat Jatuh saat Bantu Padamkan Kebakaran Los Angeles;SALAH
Tornado Landa Wilayah Texas;SALAH
Raffi Ahmad Mau Beri Bantuan Bayar Utang hingga Modal Usaha;PENIPUAN
Tautan Daftar Bansos PKH dan BNPT, Bakal Cair Bersamaan;PENIPUAN
Megawati Mundur dari Kursi Ketua Umum PDIP;SALAH
Dokumentasi â€œPesawat Jazirah Aviation Club Jatuh di Lautâ€;SALAH
Modifikasi Cuaca Sebabkan Sakit yang Dirasakan Masyarakat Saat Ini;SALAH
Prabowo Murka Jokowi Gadaikan Laut pada Oligarki;SALAH
Video Elon Musk Membicarakan Perbandingan Penanganan Kebakaran di California (Amerika) dengan Chongqing (Tiongkok);SALAH
Polisi Temukan Mobil Mewah yang Disembunyikan Tom Lembong;SALAH
Gambar Sampul Artikel Kumparan â€œPrabowo Minta Semua TV putar Ganyang Fufufafa jam 6 Pagiâ€;SALAH
HMPV Adalah Virus Sintetis dari Laboratorium;SALAH
Prabowo Pecat Kapolri Listyo Sigit;SALAH
KAI Commuter Kasih Fasilitas Gratis Lewat Program Kartu Lansia;PENIPUAN
Momen Pertemuan Megawati dan Prabowo Jelang Tahun Baru 2025;SALAH
Senjata Biologis Diluncurkan Jelang Ramadan;SALAH
John Cena Pendukung Palestina, Rumahnya Selamat dari Kebakaran Los Angeles;SALAH
700 Kepala Desa Digelandang ke KPK;SALAH
Megawati dan Puan Maharani Menuntut Pembebasan Hasto;SALAH
Tautan Lowongan Kerja di Ultra Milk, Usia Maksimal 50 Tahun;PENIPUAN
Foto â€œGuru Honorer Meninggal di Perbatasan RIâ€”Papua Nuginiâ€;SALAH
Tautan Pengecekan Bansos;PENIPUAN
Video Insiden Sebelum Pesawat Jeju Air Meledak;SALAH
Video â€œKerusuhan di China Akibat Virus HMPVâ€;SALAH
Tautan Lowongan Kerja HM Sampoerna;PENIPUAN
Prabowo Berhasil Tangkap Harun Masiku;SALAH
Prabowo Seragamkan Gaji DPR dan MPR dengan PNS;SALAH
Resep Ustaz Abdul Somad: Obat Prostatitis Pakai Telur dan Cola;PENIPUAN
Prabowo Bagi Bantuan Berdasarkan Jumlah Anak di Keluarga;SALAH
Ustaz Adi Hidayat Bagi-Bagi Uang Puluhan Juta Rupiah;PENIPUAN
Video â€œVan Gaal Bilang Tertarik Latih Timnas Indonesiaâ€;SALAH
Prabowo dan Ketua KPK Ahok Menyita Uang Korupsi Rp300 Triliun;SALAH
Prabowo, Gerindra, dan PDIP Bersatu Sahkan UU Miskinkan Koruptor;SALAH
Prabowo Tambah Hukuman Harvey Moeis Jadi 40 Tahun Penjara;SALAH
Foto â€œJokowi Ditangkap Polisiâ€;SALAH
Tautan Loker di Sapta Warna Cemerlang, Gaji Tembus Rp20 Juta;PENIPUAN
â€œKedutaan Besar Tiongkok tidak memberi tahu Kembang Api Menyambut kunjungan Menteri Pertahanan Saudiâ€;SALAH
Video â€œUang Hasil Korupsi Bobby Nasution dan Kaesangâ€;SALAH
Video â€œOrang Palestina Serang Gereja saat Malam Natalâ€;SALAH
Big Data Cyber Security Jadi Alat Memata-Matai Percakapan Rakyat;SALAH
Rhoma Irama Bagikan Uang hingga Rp20 Juta di Instagram;PENIPUAN
Video â€œPersebaran Virus Zombie di Chinaâ€;SALAH
Tautan Pendaftaran Lowongan Kerja di Brunei Darussalam;PENIPUAN
Sisa kWh Listrik Bakal Hangus Usai â€œProgram Diskon 50%â€ Berakhir;SALAH
Tautan â€œPenghapusan Kredit Macet UMKMâ€;PENIPUAN
RSU Mamami Kupang Kewalahan Tangani Pasien HMPV;SALAH
Video â€œMegawati Ungkap Jokowi Itu PKI, Orang Tuanya Chinaâ€;SALAH
Kecelakaan Pesawat Adalah Bagian dari Agenda â€œNew World Orderâ€;SALAH
Tautan Rekrutmen Matahari Department Store;PENIPUAN
Loker Halmahera Jaya Feronikel, Gaji Tembus Rp25 Juta;PENIPUAN
Tautan Rekrutmen Kejaksaan Negeri 2024/2025;PENIPUAN
Ada Bantuan Uang dan Lima Bansos Lainnya untuk Pemegang KIS;SALAH
Presiden Prabowo Lantik Ahok Jadi Ketua KPK;SALAH
Sherly Tjoanda Bagi-Bagi Bantuan, Syukuran Menang Pilkada Maluku Utara;PENIPUAN
Dokumentasi â€œPesawat Qantas 747 Jatuh Menabrak Rumahâ€;SALAH
Mahasiswa Demo Besar-besaran, Tuntut Harvey Moeis Dihukum Mati;SALAH
Video â€œHasto Menangis saat Jadi Tersangka Korupsiâ€;SALAH
DWP Rilis Daftar Nama Polisi Pelaku Pemerasan Puluhan Miliar;SALAH
Tumbuhan Patikan Kebo Hilangkan Kutil hingga Tahi Lalat Tanpa Operasi;SALAH
Potret â€œIkan Megalodon yang Masih Hidupâ€;SALAH
Marshanda Bagi-Bagi Uang Jutaan Rupiah;PENIPUAN
Reino Barack Bagi-Bagi Uang di TikTok;PENIPUAN
Ribuan Pendukung Timnas Serbu Kantor PSSI, Tak Terima STY Dipecat;SALAH
Syahrini Bagi-Bagi Uang Tunai;PENIPUAN
Duda dan Janda Kena Pajak 16 Persen;SALAH
Video â€œLedakan Rudal di Tel Aviv Kiriman dari Houthi Yamanâ€;SALAH
Video â€œIkan Hiu Dekati Pantai Ancolâ€;SALAH
Loker Freelancer â€œLike Kontenâ€ di PT Arkadia Digital Media;PENIPUAN
Lowongan Kerja Pendamping Sosial PKH 2024/2025;PENIPUAN
Tautan â€œVoucer Listrik Gratis untuk Pengguna di Bawah 5.500 VAâ€;PENIPUAN
Video Buruh di Banten Bergerak untuk Tangkap dan Adili Jokowi;SALAH
Prabowo Pecat Hakim yang Vonis Harvey Moeis 6,5 Tahun Penjara;SALAH
Jokowi Jadi Ketua Umum PKS;SALAH
Kejagung Menyita Aset Kaesang, Nilainya Ratusan Miliar;SALAH
Lowongan Kerja di Panasonic;PENIPUAN
Tautan untuk Mengalihkan Peserta Umum BPJS Kesehatan ke PBI;SALAH
Isu HAM Melekat di Prabowo, Bikin Erdogan dan Delegasi Walkout;SALAH
Uang Palsu dari ATM BRI di Kabupaten Gowa, Sulawesi Selatan;SALAH
Tautan Rekrutmen BPOM;PENIPUAN
Sidang Jokowi Dituntut Ratusan Triliun;SALAH
Hakim Kasus Harvey Moeis Terima Uang Suap Rp50 Miliar;SALAH
Mahfud MD Resmi Dilantik sebagai Jaksa Agung;SALAH
Bela Jokowi, Kader PDIP Caci Maki Hasto Kristiyanto;SALAH
Akun Facebook â€œmr.terimakasih berbagi Indonesiaâ€;PENIPUAN
Program Bank BRI â€œFestival Undian Berhadiah Spesial Tahun Baruâ€;PENIPUAN
Ada Komisi â€œMenonton Videoâ€ dari Platform YouKu;PENIPUAN
Grup Investasi di Telegram, Tawarkan Profit Ratusan Juta;PENIPUAN
Leher Penyebar Khilafah di Arab Dipancung di Tengah Jalan;SALAH
Video â€œDennis Lim dan Arie Untung Promosikan Judi Onlineâ€;PENIPUAN
